<?xml version="1.0" encoding="UTF-8"?><metadata>
<idinfo>
<citation>
<citeinfo>
<origin/>
<origin/>
<pubdate>20120608</pubdate>
<title>Advisory Neighborhood Commission</title>
<geoform>vector digital data</geoform>
<pubinfo>
<publish>DC GIS</publish>
</pubinfo>
<lworkcit>
<citeinfo>
<title>DC Geographic Information System DC Atlas</title>
</citeinfo>
</lworkcit>
</citeinfo>
</citation>
<descript>
<abstract>Advisory Neighborhood Commissions (ANCs) are collections of Single Member Districts (SMDs). ANCs allow input from an advisory board made up of the residents of the neighborhoods directly affected by government action. The ANCs are the body of government with the closest official ties to the people in a neighborhood. ANCs present their positions and recommendations on issues to various District government agencies, the Executive Branch, and the Council. They also present testimony to independent agencies, boards and commissions, usually under rules of procedure specific to those entities. By law, the ANCs may also present their positions to Federal agencies. This data set reflects the boundaries approved by the DC Council in May, 2012, for official 2013 ANCs. ANC's consider a wide range of policies and programs affecting their neighborhoods. These include traffic, parking, recreation, street improvements, liquor licenses, zoning, economic development, police protection, sanitation and trash collection, and the District's annual budget. No public policy area is excluded from the purview of the Advisory Neighborhood Commissions. The intent of the ANC legislation is to ensure input from an advisory board made up of the residents of the neighborhoods directly affected by government action. The ANCs are the body of government with the closest official ties to the people in a neighborhood. ANCs present their positions and recommendations on issues to various District government agencies, the Executive Branch, and the Council. They also present testimony to independent agencies, boards and commissions, usually under rules of procedure specific to those entities. By law, the ANCs may also present their positions to Federal agencies.</abstract>
<purpose>Advisory Neighborhood Commissions (ANCs) are collections of Single Member Districts (SMDs). ANCs allow input from an advisory board made up of the residents of the neighborhoods directly affected by government action.</purpose>
<supplinf>The DC Board of Elections and Ethics (BOEE) is responsible for maintaining SMD boundaries. Please see the BOEE website @ http://www.dcboee.org for more background on ANCs. This data set was compiled by the DC Office of Planning.</supplinf>
</descript>
<timeperd>
<timeinfo>
<sngdate>
<caldate>20130101</caldate>
</sngdate>
</timeinfo>
<current>ground condition</current>
</timeperd>
<status>
<progress>Complete</progress>
<update>As needed</update>
</status>
<spdom>
<bounding>
<westbc>-77.119896</westbc>
<eastbc>-76.909016</eastbc>
<northbc>38.995967</northbc>
<southbc>38.791582</southbc>
</bounding>
</spdom>
<keywords>
<theme>
<themekt>None</themekt>
<themekey>Ward</themekey>
<themekey>ANC</themekey>
<themekey>SMD</themekey>
<themekey>boundary</themekey>
<themekey>Advisory Neighborhood Commission</themekey>
</theme>
<place>
<placekt>None</placekt>
<placekey>DC</placekey>
<placekey>DC GIS</placekey>
<placekey>Washington DC</placekey>
<placekey>Ward</placekey>
<placekey>District of Columbia</placekey>
<placekey>DCGIS</placekey>
</place>
<temporal>
<tempkt>None</tempkt>
<tempkey>2002</tempkey>
</temporal>
</keywords>
<accconst>None</accconst>
<useconst>This work is licensed under a Creative Commons Attribution 4.0 International License.</useconst>
<ptcontac>
<cntinfo>
<cntorgp>
<cntorg>DC Office of Planning</cntorg>
<cntper>Charlie Richman</cntper>
</cntorgp>
<cntpos>GIS Coordinator</cntpos>
<cntaddr>
<addrtype>mailing and physical</addrtype>
<address>801 N Capitol St, NE # 4000</address>
<city>Washington</city>
<state>DC</state>
<postal>20002</postal>
<country>US</country>
</cntaddr>
<cntfax>202-442-7637</cntfax>
<cntemail>Charlie.Richman@dc.gov</cntemail>
<hours>8:30am - 5pm</hours>
<cntinst>email</cntinst>
</cntinfo>
</ptcontac>
<native>Microsoft Windows XP Version 5.1 (Build 2600) Service Pack 3; ESRI ArcCatalog 9.3.1.4000</native>
</idinfo>
<dataqual>
<attracc>
<attraccr>Data believed to be complete and accurate, subject to change.</attraccr>
</attracc>
<complete>Data believed to be complete and accurate, subject to change.</complete>
<lineage>
<srcinfo>
<srccite>
<citeinfo>
<pubdate>20120101</pubdate>
<title>Single Member District Boundaries</title>
</citeinfo>
</srccite>
<srcscale>0</srcscale>
<typesrc>None</typesrc>
<srctime>
<timeinfo>
<sngdate>
<caldate>20020403</caldate>
</sngdate>
</timeinfo>
<srccurr>Unknown</srccurr>
</srctime>
<srccitea>Single Member District Boundaries</srccitea>
</srcinfo>
<procstep>
<procdesc>2002 boundaries were used as a starting point. Changes to 2002 boundaries were made using the trace tool on the geographic features referenced in the legislation text (street centerlines, census blocks, lot boundaries, ward boundaries) and merged with/split from the 2002 boundaries. Where the legislation text described boundaries that didn't follow existing features, boundaries were digitized freehand.</procdesc>
<procdate>20120608</procdate>
<proccont>
<cntinfo>
<cntorgp>
<cntorg>DC Office of Planning</cntorg>
</cntorgp>
<cntaddr>
<addrtype>unknown</addrtype>
<address>200 I Street SE, 5th Floor</address>
<country>AF</country>
</cntaddr>
</cntinfo>
</proccont>
</procstep>
</lineage>
</dataqual>
<spdoinfo>
<direct>Vector</direct>
<ptvctinf>
<sdtsterm>
<ptvctcnt>0</ptvctcnt>
</sdtsterm>
</ptvctinf>
</spdoinfo>
<eainfo>
<detailed>
<enttyp>
<enttypl>DCGIS.ANCPly</enttypl>
<enttypd>DC Template</enttypd>
<enttypds>DCOP</enttypds>
</enttyp>
<attr>
<attrlabl>SHAPE.LEN</attrlabl>
</attr>
<attr>
<attrlabl>SHAPE</attrlabl>
<attrdef>Feature geometry.</attrdef>
<attrdefs>ESRI</attrdefs>
<attrdomv>
					<udom>Coordinates defining the features.</udom>
				</attrdomv>
</attr>
<attr>
<attrlabl>ANC_ID</attrlabl>
<attrdef>ANC identifier</attrdef>
</attr>
<attr>
<attrlabl>Shape</attrlabl>
<attrdef>Feature geometry.</attrdef>
<attrdefs>ESRI</attrdefs>
<attrdomv>
					<udom>Coordinates defining the features.</udom>
				</attrdomv>
</attr>
<attr>
<attrlabl>NAME</attrlabl>
<attrdef>ANC Name</attrdef>
<attrdefs>ESRI</attrdefs>
<attrdomv>
					<udom>Coordinates defining the features.</udom>
				</attrdomv>
</attr>
<attr>
<attrlabl>GIS_ID</attrlabl>
<attrdef>Sequential OCTO-GIS number</attrdef>
</attr>
<attr>
<attrlabl>OBJECTID</attrlabl>
<attrdef>Object ID</attrdef>
<attrdefs>DCGIS</attrdefs>
</attr>
<attr>
<attrlabl>WEB_URL</attrlabl>
<attrdef>Web site url</attrdef>
<attrdefs>ESRI</attrdefs>
<attrdomv>
					<udom>Positive real numbers that are automatically generated.</udom>
				</attrdomv>
</attr>
</detailed>
</eainfo>
<distinfo>
<distrib>
<cntinfo>
<cntorgp>
<cntorg>D.C. Office of the Chief Technology Officer</cntorg>
<cntper>GIS Data Coordinator</cntper>
</cntorgp>
<cntaddr>
<addrtype>mailing and physical</addrtype>
<address>200 I Street SE, 5th Floor</address>
<city>Washington</city>
<state>DC</state>
<postal>20001</postal>
<country>US</country>
</cntaddr>
<cntfax>(202) 727-5660</cntfax>
<cntemail>dcgis@dc.gov</cntemail>
<hours>8:30am - 5pm</hours>
</cntinfo>
</distrib>
<resdesc>Local area network</resdesc>
<distliab>For data terms and conditions, go to http://dc.gov/page/terms-and-conditions-use-district-data</distliab>
<stdorder>
<digform>
<digtinfo>
<formname>ACCESS2000</formname>
<filedec>no compression applied</filedec>
<transize>0.031</transize>
</digtinfo>
<digtopt>
<onlinopt>
<computer>
<networka>
<networkr>http://www.draft.dcgis.com/data_catalogue.asp</networkr>
</networka>
</computer>
<accinstr>Local area network</accinstr>
</onlinopt>
</digtopt>
</digform>
<ordering>All data is available at http://opendata.dc.gov</ordering>
</stdorder>
</distinfo>
<metainfo>
<metd>20120615</metd>
<metrd>01/07/04</metrd>
<metc>
<cntinfo>
<cntorgp>
<cntorg>D.C. Office of the Chief Technology Officer</cntorg>
<cntper>GIS Data Coordinator</cntper>
</cntorgp>
<cntaddr>
<addrtype>mailing and physical</addrtype>
<address>200 I Street SE, 5th Floor</address>
<city>Washington</city>
<state>DC</state>
<postal>20001</postal>
<country>US</country>
</cntaddr>
<cntvoice>REQUIRED: The telephone number by which individuals can speak to the organization or individual.</cntvoice>
<cntfax>(202) 727-5660</cntfax>
<cntemail>dcgis@dc.gov</cntemail>
<hours>8:30am - 5pm</hours>
</cntinfo>
</metc>
<metstdn>FGDC Content Standard for Digital Geospatial Metadata</metstdn>
<metstdv>FGDC-STD-001-1998</metstdv>
<mettc>local time</mettc>
</metainfo>
</metadata>
